{
    "profile_pic": true,
    "biography": 116,
    "follows_count": 1143,
    "followed_by_count": 10895,
    "ff_ratio": 9.531933508311461,
    "media_count": 379,
    "is_private": false,
    "is_verified": false,
    "is_business_account": false,
    "is_joined_recently": false,
    "highlight_reel_count": 14,
    "average_likes": 810.7176781002638,
    "max_likes": 4047,
    "min_likes": 54,
    "std_likes": 542.3879271054315,
    "var_likes": 294184.6634697268,
    "skw_likes": 1.667843732287691,
    "average_comments": 10.633245382585752,
    "max_comments": 74,
    "min_comments": 0,
    "std_comments": 10.789964609071937,
    "var_comments": 116.42333626502491,
    "skw_comments": 2.3580670081840234,
    "mean_time_between_posts": 483653.6375661376,
    "max_time_between_posts": 17120411,
    "min_time_between_posts": 228,
    "std_time_between_posts": 1248754.2800078627,
    "var_time_between_posts": 1559387251837.9558,
    "skw_time_between_posts": 8.553114141845244
}